,roc auc,accuracy,precison,recall,f1,test_accuracy,train accuracy,train roc auc
5-mer,0.7160082381240046,0.6816891516197946,0.6736248792894053,0.6816891516197946,0.6399162110367373,0.2935622317596567,0.914826102770566,0.9866545695775479
4-mer,0.7274175513756351,0.6935413069561909,0.6860737180733845,0.6935413069561909,0.661339474982147,0.34062947067238913,0.9128318972545183,0.9790508561933702
3-mer,0.7213357625555992,0.6907319071727488,0.6808249051402133,0.6907319071727488,0.6609897433495566,0.3509298998569385,0.8586622518217506,0.9481292112625671
2-mer,0.7146811201353966,0.6817769453630271,0.6675592222278993,0.6817769453630271,0.6592449654607785,0.3872675250357654,0.8072017157692741,0.8969943121336943
